valid_time_gmt,temp
2009-11-09 13:30:00,93.0
2009-11-09 14:00:00,93.0
2009-11-09 14:30:00,93.0
2009-11-09 15:00:00,93.0
2009-11-09 15:30:00,93.0
2009-11-09 16:00:00,93.0
2009-11-09 16:30:00,93.0
2009-11-09 17:00:00,93.0
2009-11-10 11:30:00,93.0
2009-11-10 12:00:00,93.0
2009-11-10 12:30:00,93.0
2009-11-10 13:00:00,93.0
2009-11-10 13:30:00,95.0
2009-11-10 14:00:00,95.0
2009-11-10 14:30:00,95.0
2009-11-10 15:00:00,95.0
2009-11-10 15:30:00,93.0
2009-11-10 16:00:00,93.0
2009-11-10 16:30:00,93.0
2009-11-10 17:00:00,93.0
2009-11-11 15:00:00,93.0
2009-11-11 15:30:00,93.0
2009-11-11 16:00:00,93.0
2009-11-20 09:30:00,93.0
2009-11-20 10:00:00,95.0
2009-11-20 10:30:00,95.0
2009-11-20 11:00:00,95.0
2009-11-20 11:30:00,97.0
2009-11-20 12:00:00,99.0
2009-11-20 12:30:00,99.0
2009-11-20 13:00:00,99.0
2009-11-20 13:30:00,100.0
2009-11-20 13:52:00,97.0
2009-11-20 14:00:00,93.0
2009-12-16 11:30:00,93.0
2009-12-16 12:00:00,95.0
2009-12-16 12:06:00,95.0
2009-12-16 12:30:00,95.0
2009-12-16 13:00:00,97.0
2009-12-16 13:28:00,97.0
2009-12-16 13:56:00,97.0
2009-12-16 14:30:00,99.0
2009-12-16 15:00:00,99.0
2009-12-16 15:25:00,100.0
2009-12-16 15:30:00,99.0
2009-12-16 16:00:00,97.0
2009-12-16 16:30:00,97.0
2009-12-16 17:00:00,97.0
2009-12-16 17:30:00,97.0
2009-12-16 18:00:00,97.0
2009-12-16 19:00:00,93.0
2009-12-16 19:30:00,93.0
2009-12-23 12:00:00,93.0
2009-12-23 12:30:00,95.0
2009-12-23 13:00:00,97.0
2009-12-23 13:30:00,95.0
2009-12-23 13:33:00,95.0
2009-12-23 14:00:00,97.0
2009-12-23 14:30:00,95.0
2009-12-23 15:00:00,97.0
2009-12-23 15:30:00,99.0
2009-12-23 16:00:00,97.0
2009-12-23 17:00:00,99.0
2009-12-23 19:00:00,97.0
2009-12-23 19:30:00,95.0
2009-12-30 12:30:00,93.0
2009-12-30 13:00:00,95.0
2009-12-30 13:30:00,95.0
2009-12-30 14:00:00,95.0
2009-12-30 14:30:00,97.0
2009-12-30 15:00:00,97.0
2009-12-30 15:30:00,97.0
2009-12-30 16:00:00,97.0
2009-12-30 16:30:00,97.0
2009-12-30 17:00:00,99.0
2009-12-30 17:30:00,97.0
2009-12-30 18:00:00,97.0
2009-12-30 18:30:00,97.0
2009-12-30 19:00:00,97.0
2009-12-30 19:30:00,95.0
2009-12-31 12:35:00,93.0
2009-12-31 13:30:00,95.0
2009-12-31 14:00:00,93.0
2009-12-31 14:30:00,95.0
2009-12-31 15:00:00,95.0
2009-12-31 15:30:00,95.0
2009-12-31 16:00:00,95.0
2009-12-31 16:10:00,95.0
2009-12-31 16:30:00,95.0
2009-12-31 17:00:00,95.0
2009-12-31 17:30:00,95.0
2009-12-31 17:46:00,95.0
2009-12-31 18:00:00,95.0
2009-12-31 18:30:00,95.0
2009-12-31 19:00:00,95.0
2009-12-31 19:30:00,93.0
2010-01-08 15:30:00,93.0
2010-01-08 16:30:00,93.0
2010-01-08 17:00:00,93.0
2010-01-08 18:00:00,93.0
2010-01-08 18:30:00,93.0
2010-01-08 19:00:00,93.0
2010-01-09 10:34:00,95.0
2010-01-09 11:02:00,97.0
2010-01-09 11:30:00,99.0
2010-01-09 12:00:00,99.0
2010-01-09 12:30:00,100.0
2010-01-09 13:00:00,100.0
2010-01-11 11:00:00,93.0
2010-01-11 11:07:00,93.0
2010-01-11 11:30:00,95.0
2010-01-11 12:00:00,99.0
2010-01-11 12:30:00,100.0
2010-01-11 13:00:00,102.0
2010-01-11 13:30:00,104.0
2010-01-11 14:04:00,106.0
2010-01-11 14:30:00,106.0
2010-01-11 15:00:00,106.0
2010-01-11 15:30:00,108.0
2010-01-11 16:00:00,108.0
2010-01-11 16:30:00,108.0
2010-01-11 17:00:00,106.0
2010-01-11 17:30:00,108.0
2010-01-11 18:00:00,106.0
2010-01-11 18:30:00,106.0
2010-01-11 19:00:00,102.0
2010-01-11 19:30:00,100.0
2010-01-11 20:00:00,99.0
2010-01-11 20:30:00,97.0
2010-01-11 21:00:00,95.0
2010-01-11 21:30:00,95.0
2010-01-11 22:30:00,93.0
2010-01-11 23:00:00,95.0
2010-01-11 23:30:00,95.0
2010-01-12 00:00:00,93.0
2010-01-12 00:30:00,93.0
2010-01-12 01:00:00,93.0
2010-01-12 01:30:00,93.0
2010-01-12 05:30:00,93.0
2010-01-12 06:00:00,93.0
2010-01-12 14:00:00,93.0
2010-01-12 14:29:00,93.0
2010-01-12 15:00:00,93.0
2010-01-22 13:30:00,93.0
2010-01-22 14:00:00,93.0
2010-01-22 14:30:00,93.0
2010-01-22 15:00:00,93.0
2010-01-22 15:34:00,95.0
2010-01-22 15:50:00,93.0
2010-01-22 16:00:00,93.0
2010-01-22 16:30:00,95.0
2010-01-22 17:00:00,99.0
2010-01-22 17:13:00,99.0
2010-01-22 17:30:00,99.0
2010-01-22 17:48:00,99.0
2010-01-22 18:00:00,100.0
2010-01-22 18:30:00,99.0
2010-01-22 19:30:00,93.0
2010-01-22 20:00:00,93.0
2010-01-22 20:30:00,95.0
2010-01-22 21:00:00,93.0
2010-01-30 14:35:00,93.0
2010-01-30 15:00:00,95.0
2010-01-30 15:30:00,95.0
2010-01-30 16:02:00,97.0
2010-01-30 16:30:00,95.0
2010-01-30 17:00:00,95.0
2010-01-30 17:30:00,95.0
2010-01-30 18:00:00,97.0
2010-01-30 18:30:00,95.0
2010-01-30 19:00:00,95.0
2010-01-30 19:30:00,95.0
2010-01-30 20:00:00,93.0
2010-01-31 13:00:00,93.0
2010-01-31 13:34:00,93.0
2010-01-31 14:00:00,95.0
2010-01-31 14:30:00,95.0
2010-01-31 14:41:00,97.0
2010-01-31 15:00:00,95.0
2010-01-31 15:30:00,95.0
2010-01-31 16:00:00,93.0
2010-02-02 14:30:00,93.0
2010-02-02 15:00:00,93.0
2010-02-02 15:30:00,93.0
2010-02-02 16:00:00,93.0
2010-02-02 16:30:00,93.0
2010-02-03 15:30:00,93.0
2010-02-03 16:00:00,93.0
2010-02-03 16:30:00,93.0
2010-02-03 17:00:00,93.0
2010-02-08 14:30:00,93.0
2010-02-08 15:00:00,93.0
2010-02-08 15:30:00,95.0
2010-02-08 16:00:00,95.0
2010-02-08 16:30:00,95.0
2010-02-08 17:00:00,95.0
2010-02-08 17:30:00,93.0
2010-02-09 11:30:00,93.0
2010-02-09 14:00:00,93.0
2010-02-09 14:12:00,93.0
2010-02-10 12:30:00,93.0
2010-02-20 14:31:00,93.0
2010-12-31 11:30:00,95.0
2010-12-31 12:00:00,97.0
2010-12-31 12:30:00,95.0
2010-12-31 13:00:00,95.0
2010-12-31 13:30:00,97.0
2010-12-31 14:00:00,99.0
2010-12-31 14:30:00,100.0
2010-12-31 15:00:00,102.0
2010-12-31 15:30:00,104.0
2010-12-31 16:00:00,102.0
2010-12-31 16:30:00,104.0
2010-12-31 16:32:00,104.0
2010-12-31 17:00:00,102.0
2010-12-31 17:30:00,102.0
2010-12-31 18:00:00,104.0
2010-12-31 18:30:00,102.0
2010-12-31 19:00:00,102.0
2010-12-31 19:30:00,100.0
2010-12-31 20:00:00,99.0
2010-12-31 20:30:00,95.0
2010-12-31 21:00:00,93.0
2011-01-08 14:30:00,93.0
2011-01-30 12:30:00,93.0
2011-01-30 13:00:00,95.0
2011-01-30 13:30:00,93.0
2011-01-30 14:00:00,97.0
2011-01-30 14:30:00,95.0
2011-01-30 15:00:00,95.0
2011-01-30 15:30:00,97.0
2011-01-30 16:00:00,97.0
2011-01-30 16:30:00,97.0
2011-01-30 17:00:00,97.0
2011-01-30 17:30:00,99.0
2011-01-30 18:00:00,99.0
2011-01-30 18:30:00,97.0
2011-01-30 19:00:00,97.0
2011-01-31 12:30:00,93.0
2011-01-31 13:00:00,95.0
2011-02-01 09:30:00,93.0
2011-02-01 10:00:00,95.0
2011-02-01 10:22:00,97.0
2011-02-01 10:30:00,97.0
2011-02-01 10:47:00,97.0
2011-02-01 11:00:00,97.0
2011-02-01 11:30:00,99.0
2011-02-01 12:00:00,99.0
2011-02-01 12:30:00,99.0
2011-02-01 13:00:00,100.0
2011-02-01 13:30:00,100.0
2011-02-01 14:00:00,102.0
2011-02-01 14:35:00,100.0
2011-02-01 15:00:00,100.0
2011-12-31 16:30:00,93.0
2011-12-31 17:30:00,93.0
2012-01-01 12:30:00,93.0
2012-01-01 13:00:00,93.0
2012-01-01 13:30:00,93.0
2012-01-01 14:00:00,93.0
2012-01-01 15:00:00,93.0
2012-01-02 11:00:00,93.0
2012-01-02 11:30:00,95.0
2012-01-02 12:00:00,97.0
2012-01-02 12:30:00,97.0
2012-01-02 12:48:00,97.0
2012-01-02 13:00:00,99.0
2012-01-02 13:30:00,97.0
2012-01-02 14:00:00,99.0
2012-01-02 14:30:00,99.0
2012-01-02 15:00:00,100.0
2012-01-02 15:30:00,99.0
2012-01-02 16:00:00,100.0
2012-01-02 16:30:00,102.0
2012-01-02 17:00:00,102.0
2012-01-02 18:00:00,102.0
2012-01-02 18:30:00,100.0
2012-01-02 19:00:00,99.0
2012-01-02 19:30:00,97.0
2012-01-17 15:30:00,93.0
2012-01-17 16:29:00,93.0
2012-01-17 16:47:00,93.0
2012-01-17 17:00:00,93.0
2012-01-17 17:22:00,93.0
2012-01-24 15:00:00,93.0
2012-01-24 15:30:00,93.0
2012-01-24 16:30:00,93.0
2012-01-29 13:30:00,93.0
2012-01-29 14:00:00,93.0
2012-01-29 14:30:00,93.0
2012-01-29 15:00:00,93.0
2012-01-29 15:30:00,97.0
2012-01-29 15:57:00,97.0
2012-01-29 16:00:00,97.0
2012-01-29 16:30:00,97.0
2012-01-29 17:00:00,95.0
2012-01-29 17:30:00,95.0
2012-01-29 18:00:00,93.0
2012-01-29 18:30:00,93.0
2012-02-24 12:30:00,93.0
2012-02-24 13:00:00,95.0
2012-02-24 13:30:00,93.0
2012-02-24 14:00:00,95.0
2012-02-24 14:30:00,95.0
2012-02-24 15:00:00,97.0
2012-02-24 15:30:00,97.0
2012-02-24 16:00:00,97.0
2012-02-24 16:30:00,99.0
2012-02-24 17:00:00,97.0
2012-02-24 17:30:00,97.0
2012-02-24 18:00:00,97.0
2012-02-24 18:30:00,95.0
2012-02-24 19:00:00,95.0
2012-02-25 12:30:00,93.0
2012-02-25 13:00:00,95.0
2012-02-25 13:30:00,95.0
2012-02-25 13:45:00,95.0
2012-02-25 14:00:00,95.0
2012-02-25 14:30:00,97.0
2012-02-25 15:00:00,97.0
2012-02-25 15:30:00,99.0
2012-02-25 16:00:00,97.0
2012-02-25 16:30:00,97.0
2012-02-25 17:00:00,97.0
2012-02-25 17:30:00,97.0
2012-02-25 18:00:00,97.0
2012-02-25 18:30:00,95.0
2012-02-25 19:00:00,95.0
2012-11-29 11:30:00,93.0
2012-11-29 12:00:00,95.0
2012-11-29 12:30:00,95.0
2012-11-29 13:00:00,97.0
2012-11-29 13:30:00,99.0
2012-11-29 14:00:00,99.0
2012-11-29 14:30:00,100.0
2012-11-29 15:00:00,100.0
2012-11-29 15:30:00,100.0
2012-11-29 16:00:00,102.0
2012-11-29 16:30:00,100.0
2012-11-29 17:00:00,100.0
2012-11-29 17:30:00,102.0
2012-11-29 18:00:00,100.0
2012-11-29 18:30:00,99.0
2012-11-29 19:00:00,97.0
2012-12-08 13:00:00,93.0
2012-12-08 13:30:00,95.0
2012-12-08 13:44:00,93.0
2012-12-08 14:30:00,95.0
2012-12-08 15:00:00,97.0
2012-12-08 15:15:00,97.0
2012-12-08 15:24:00,97.0
2012-12-08 15:30:00,97.0
2012-12-08 16:00:00,99.0
2012-12-08 16:10:00,97.0
2012-12-08 16:30:00,99.0
2012-12-08 16:46:00,99.0
2012-12-08 17:00:00,95.0
2012-12-13 11:30:00,93.0
2012-12-13 12:00:00,93.0
2012-12-13 12:30:00,95.0
2012-12-13 13:00:00,95.0
2012-12-13 13:30:00,95.0
2012-12-13 14:00:00,93.0
2012-12-13 14:30:00,93.0
2012-12-13 15:00:00,93.0
2012-12-13 15:30:00,95.0
2012-12-13 16:00:00,93.0
2012-12-23 10:30:00,93.0
2012-12-23 11:00:00,95.0
2012-12-23 11:36:00,97.0
2012-12-23 12:00:00,97.0
2012-12-23 12:30:00,97.0
2012-12-23 13:00:00,99.0
2012-12-23 13:30:00,99.0
2012-12-23 14:00:00,99.0
2012-12-23 14:30:00,97.0
2012-12-23 15:00:00,99.0
2012-12-23 15:30:00,97.0
2012-12-23 16:00:00,99.0
2012-12-23 16:30:00,99.0
2012-12-23 17:00:00,99.0
2012-12-23 17:30:00,100.0
2012-12-23 18:00:00,100.0
2012-12-23 18:30:00,99.0
2012-12-23 19:00:00,97.0
2012-12-23 19:30:00,95.0
2012-12-23 20:00:00,93.0
2013-01-03 14:00:00,93.0
2013-01-03 14:30:00,95.0
2013-01-03 15:00:00,97.0
2013-01-03 15:30:00,97.0
2013-01-03 16:00:00,97.0
2013-01-03 16:30:00,99.0
2013-01-03 17:00:00,100.0
2013-01-03 17:30:00,97.0
2013-01-03 18:00:00,97.0
2013-01-03 18:30:00,95.0
2013-01-03 19:00:00,97.0
2013-01-03 19:30:00,97.0
2013-01-03 20:00:00,95.0
2013-01-04 10:30:00,93.0
2013-01-04 11:00:00,95.0
2013-01-04 11:30:00,97.0
2013-01-04 12:00:00,97.0
2013-01-04 12:23:00,99.0
2013-01-04 12:30:00,102.0
2013-01-04 13:00:00,100.0
2013-01-04 13:19:00,102.0
2013-01-04 13:30:00,100.0
2013-01-04 13:48:00,102.0
2013-01-04 14:00:00,102.0
2013-01-04 14:16:00,104.0
2013-01-04 14:30:00,102.0
2013-01-04 15:00:00,104.0
2013-01-04 15:20:00,104.0
2013-01-04 15:30:00,104.0
2013-01-04 15:37:00,104.0
2013-01-04 16:00:00,104.0
2013-01-04 16:30:00,104.0
2013-01-04 17:00:00,106.0
2013-01-04 17:30:00,104.0
2013-01-04 18:00:00,104.0
2013-01-04 18:15:00,106.0
2013-01-04 18:30:00,106.0
2013-01-04 19:00:00,104.0
2013-01-04 19:30:00,104.0
2013-01-04 20:00:00,102.0
2013-01-04 20:30:00,99.0
2013-01-04 21:00:00,97.0
2013-01-04 21:30:00,95.0
2013-01-04 22:00:00,95.0
2013-01-04 22:30:00,93.0
2013-01-07 14:30:00,93.0
2013-01-11 12:00:00,93.0
2013-01-11 12:30:00,93.0
2013-01-11 13:00:00,97.0
2013-01-11 13:33:00,99.0
2013-01-11 14:00:00,99.0
2013-01-11 14:06:00,99.0
2013-01-11 14:30:00,100.0
2013-01-11 15:00:00,102.0
2013-01-11 15:06:00,100.0
2013-01-11 15:25:00,102.0
2013-01-11 15:30:00,100.0
2013-01-11 15:41:00,104.0
2013-01-11 16:00:00,104.0
2013-01-17 11:00:00,93.0
2013-01-17 11:30:00,99.0
2013-01-17 12:00:00,99.0
2013-01-17 12:30:00,99.0
2013-01-17 13:00:00,99.0
2013-01-17 13:30:00,104.0
2013-01-17 14:00:00,99.0
2013-01-17 14:21:00,102.0
2013-01-17 14:35:00,102.0
2013-01-17 15:00:00,102.0
2013-01-17 15:33:00,100.0
2013-01-17 16:00:00,104.0
2013-01-17 16:30:00,102.0
2013-01-17 17:00:00,104.0
2013-01-17 17:30:00,104.0
2013-01-17 18:00:00,104.0
2013-01-17 18:30:00,104.0
2013-01-17 19:00:00,104.0
2013-01-17 19:30:00,104.0
2013-01-17 20:00:00,102.0
2013-01-17 20:30:00,100.0
2013-01-17 21:00:00,95.0
2013-01-24 15:00:00,93.0
2013-01-24 15:30:00,95.0
2013-01-24 16:00:00,95.0
2013-01-24 16:30:00,95.0
2013-01-24 17:00:00,97.0
2013-01-24 17:30:00,95.0
2013-01-24 18:00:00,95.0
2013-01-24 18:30:00,95.0
2013-01-24 19:00:00,95.0
2013-01-24 19:30:00,93.0
2013-02-06 12:00:00,93.0
2013-02-06 12:25:00,93.0
2013-02-06 12:30:00,93.0
2013-02-06 13:00:00,93.0
2013-02-06 13:30:00,93.0
2013-02-06 14:00:00,95.0
2013-02-06 14:30:00,95.0
2013-02-06 15:00:00,95.0
2013-02-06 15:30:00,97.0
2013-02-06 16:00:00,99.0
2013-02-06 16:30:00,99.0
2013-02-06 17:00:00,99.0
2013-02-06 17:15:00,99.0
2013-02-06 17:30:00,97.0
2013-02-06 18:00:00,95.0
2013-02-06 18:30:00,95.0
2013-02-06 19:00:00,95.0
2013-02-06 19:30:00,95.0
2013-02-16 15:30:00,93.0
2013-02-17 15:00:00,93.0
2013-02-17 15:30:00,93.0
2013-02-17 16:00:00,95.0
2013-02-17 16:30:00,93.0
2013-02-17 17:00:00,93.0
2013-02-17 17:30:00,93.0
2013-02-18 13:00:00,93.0
2013-02-18 13:16:00,95.0
2013-02-18 13:30:00,93.0
2013-02-18 14:00:00,95.0
2013-02-18 14:06:00,93.0
2013-02-18 14:13:00,93.0
2013-02-18 14:30:00,95.0
2013-02-18 15:00:00,95.0
2013-02-18 15:30:00,95.0
2013-02-18 16:00:00,97.0
2013-02-18 16:11:00,95.0
2013-02-18 16:30:00,95.0
2013-02-18 17:00:00,97.0
2013-02-18 17:30:00,95.0
2013-02-18 18:00:00,95.0
2013-02-18 18:30:00,93.0
2013-02-18 19:00:00,93.0
2013-02-24 14:00:00,93.0
2013-02-24 14:30:00,93.0
2013-02-24 16:00:00,93.0
2013-03-07 13:00:00,93.0
2013-03-07 13:30:00,95.0
2013-03-07 15:30:00,93.0
2013-03-08 14:30:00,93.0
2013-03-08 15:00:00,93.0
2013-03-08 16:00:00,93.0
2013-03-09 13:04:00,93.0
2013-03-09 13:30:00,93.0
2013-03-09 14:00:00,93.0
2013-03-09 14:30:00,93.0
2013-03-09 15:00:00,95.0
2013-03-09 15:30:00,95.0
2013-03-09 16:00:00,95.0
2013-03-09 18:00:00,93.0
2013-03-10 12:30:00,93.0
2013-03-10 13:00:00,95.0
2013-03-10 13:30:00,93.0
2013-03-11 11:30:00,93.0
2013-03-11 12:30:00,95.0
2013-03-11 13:00:00,95.0
2013-03-11 13:30:00,97.0
2013-03-11 14:00:00,95.0
2013-03-11 14:30:00,97.0
2013-03-11 15:00:00,99.0
2013-03-11 15:30:00,97.0
2013-03-11 16:00:00,97.0
2013-03-11 16:30:00,95.0
2013-03-11 17:00:00,97.0
2013-03-11 17:30:00,97.0
2013-03-11 18:00:00,97.0
2013-03-11 18:30:00,95.0
2013-03-12 13:00:00,93.0
2013-03-12 13:30:00,95.0
2013-03-12 14:00:00,95.0
2013-03-12 14:30:00,95.0
2013-03-12 15:00:00,95.0
2013-03-12 15:30:00,95.0
2013-03-12 16:00:00,95.0
2013-03-12 16:30:00,95.0
2013-03-12 17:00:00,97.0
2013-03-12 17:30:00,95.0
2013-03-12 18:00:00,95.0
2013-03-12 18:30:00,93.0
2013-03-12 19:00:00,93.0
2013-03-27 14:30:00,95.0
2013-03-27 15:30:00,95.0
2013-03-27 16:00:00,93.0
2013-03-27 16:20:00,95.0
2013-03-27 16:30:00,95.0
2013-03-27 17:00:00,93.0
2013-03-27 17:30:00,93.0
2013-12-02 14:30:00,93.0
2013-12-02 15:00:00,93.0
2013-12-02 15:17:00,93.0
2013-12-02 15:30:00,95.0
2013-12-02 16:00:00,95.0
2013-12-02 16:30:00,93.0
2013-12-02 17:00:00,95.0
2013-12-02 17:30:00,95.0
2013-12-19 11:00:00,93.0
2013-12-19 11:30:00,97.0
2013-12-19 11:44:00,97.0
2013-12-19 12:00:00,97.0
2013-12-19 12:30:00,100.0
2013-12-19 13:00:00,100.0
2013-12-19 13:05:00,100.0
2013-12-19 13:30:00,100.0
2013-12-19 14:00:00,102.0
2013-12-19 14:30:00,100.0
2013-12-19 15:00:00,99.0
2013-12-19 15:30:00,100.0
2013-12-19 16:00:00,100.0
2013-12-19 16:30:00,100.0
2013-12-19 17:00:00,102.0
2013-12-19 17:30:00,102.0
2013-12-19 17:50:00,95.0
2013-12-19 18:00:00,95.0
2013-12-19 18:30:00,93.0
2013-12-28 13:00:00,93.0
2013-12-28 14:30:00,93.0
2013-12-28 15:00:00,93.0
2013-12-28 15:02:00,95.0
2013-12-28 15:23:00,95.0
2013-12-28 15:30:00,95.0
2013-12-28 15:50:00,97.0
2013-12-28 16:00:00,99.0
2013-12-28 16:05:00,99.0
2013-12-28 16:21:00,97.0
2014-01-10 15:30:00,93.0
2014-01-10 16:00:00,93.0
2014-01-10 16:30:00,95.0
2014-01-10 17:00:00,93.0
2014-01-10 17:30:00,93.0
2014-01-10 18:00:00,93.0
2014-01-13 17:30:00,93.0
2014-01-14 10:00:00,93.0
2014-01-14 10:33:00,97.0
2014-01-14 11:00:00,97.0
2014-01-14 11:30:00,99.0
2014-01-14 12:00:00,100.0
2014-01-14 12:30:00,102.0
2014-01-14 13:00:00,102.0
2014-01-14 13:30:00,106.0
2014-01-14 13:47:00,104.0
2014-01-14 14:00:00,108.0
2014-01-14 14:21:00,108.0
2014-01-14 14:38:00,108.0
2014-01-14 15:00:00,108.0
2014-01-14 15:30:00,108.0
2014-01-14 16:00:00,109.0
2014-01-14 16:23:00,109.0
2014-01-14 16:30:00,106.0
2014-01-14 17:00:00,108.0
2014-01-14 17:30:00,106.0
2014-01-14 18:00:00,108.0
2014-01-14 18:30:00,108.0
2014-01-14 19:00:00,104.0
2014-01-14 19:30:00,102.0
2014-01-14 20:00:00,100.0
2014-01-14 20:30:00,99.0
2014-01-14 21:00:00,95.0
2014-01-14 21:30:00,99.0
2014-01-14 22:57:00,93.0
2014-01-14 23:00:00,93.0
2014-01-14 23:30:00,93.0
2014-01-14 23:38:00,93.0
2014-01-14 23:41:00,93.0
2014-01-15 00:24:00,93.0
2014-01-15 01:00:00,93.0
2014-01-15 08:30:00,95.0
2014-01-15 09:00:00,95.0
2014-01-15 09:30:00,97.0
2014-01-15 10:00:00,95.0
2014-01-15 10:30:00,97.0
2014-01-15 11:00:00,99.0
2014-01-15 11:30:00,102.0
2014-01-15 12:00:00,104.0
2014-01-15 12:30:00,108.0
2014-01-15 13:00:00,104.0
2014-01-15 13:30:00,106.0
2014-01-15 14:00:00,108.0
2014-01-15 14:30:00,100.0
2014-01-15 15:00:00,106.0
2014-01-15 15:30:00,102.0
2014-01-15 15:49:00,100.0
2014-01-15 16:00:00,99.0
2014-01-15 16:30:00,97.0
2014-01-15 17:00:00,97.0
2014-01-15 17:30:00,100.0
2014-01-15 18:00:00,99.0
2014-01-16 09:00:00,93.0
2014-01-16 09:30:00,97.0
2014-01-16 10:00:00,99.0
2014-01-16 10:30:00,100.0
2014-01-16 11:00:00,102.0
2014-01-16 11:30:00,104.0
2014-01-16 12:00:00,104.0
2014-01-16 12:30:00,104.0
2014-01-16 13:00:00,106.0
2014-01-16 13:30:00,106.0
2014-01-16 14:00:00,106.0
2014-01-16 14:30:00,108.0
2014-01-16 15:00:00,108.0
2014-01-16 15:30:00,106.0
2014-01-16 16:00:00,106.0
2014-01-16 16:30:00,108.0
2014-01-16 17:00:00,104.0
2014-01-16 17:30:00,104.0
2014-01-16 18:00:00,104.0
2014-01-16 18:30:00,104.0
2014-01-16 18:47:00,100.0
2014-01-16 19:00:00,100.0
2014-01-16 19:30:00,95.0
2014-01-16 20:00:00,95.0
2014-01-16 20:30:00,93.0
2014-01-16 21:00:00,95.0
2014-01-16 21:30:00,93.0
2014-01-17 08:30:00,93.0
2014-01-17 09:00:00,95.0
2014-01-17 09:30:00,95.0
2014-01-17 10:00:00,97.0
2014-01-17 10:30:00,99.0
2014-01-17 11:00:00,100.0
2014-01-17 11:30:00,102.0
2014-01-17 12:00:00,104.0
2014-01-17 12:30:00,104.0
2014-01-17 13:00:00,106.0
2014-01-17 13:35:00,108.0
2014-01-17 14:00:00,108.0
2014-01-17 14:30:00,109.0
2014-01-17 15:00:00,109.0
2014-01-17 15:30:00,109.0
2014-01-17 16:00:00,109.0
2014-01-17 16:09:00,108.0
2014-01-17 16:30:00,108.0
2014-01-17 16:37:00,111.0
2014-01-17 17:00:00,106.0
2014-01-17 17:23:00,97.0
2014-01-17 17:30:00,95.0
2014-01-27 14:30:00,93.0
2014-01-27 15:00:00,93.0
2014-01-27 15:30:00,93.0
2014-01-27 16:00:00,93.0
2014-01-27 16:07:00,95.0
2014-01-27 16:30:00,95.0
2014-01-27 17:00:00,95.0
2014-01-27 17:30:00,95.0
2014-01-27 18:00:00,93.0
2014-01-27 18:30:00,93.0
2014-01-27 19:00:00,93.0
2014-01-28 11:30:00,93.0
2014-01-28 11:47:00,95.0
2014-01-28 12:00:00,95.0
2014-01-28 12:30:00,95.0
2014-01-28 13:00:00,97.0
2014-01-28 13:30:00,100.0
2014-01-28 14:00:00,100.0
2014-01-28 14:16:00,102.0
2014-01-28 14:30:00,102.0
2014-01-28 15:00:00,104.0
2014-01-28 15:30:00,104.0
2014-01-28 15:43:00,106.0
2014-01-28 16:00:00,104.0
2014-01-28 16:30:00,106.0
2014-01-28 17:00:00,104.0
2014-01-28 17:30:00,106.0
2014-01-28 18:00:00,108.0
2014-01-28 18:30:00,106.0
2014-01-28 19:00:00,104.0
2014-01-28 19:34:00,93.0
2014-02-02 12:30:00,93.0
2014-02-02 13:00:00,95.0
2014-02-02 13:30:00,97.0
2014-02-02 14:00:00,99.0
2014-02-02 14:30:00,100.0
2014-02-02 15:00:00,100.0
2014-02-02 15:30:00,104.0
2014-02-02 16:00:00,102.0
2014-02-02 16:30:00,104.0
2014-02-02 17:00:00,104.0
2014-02-02 17:30:00,102.0
2014-02-02 18:00:00,102.0
2014-02-02 18:30:00,100.0
2014-02-02 19:00:00,100.0
2014-02-02 19:30:00,97.0
2014-02-02 20:00:00,93.0
2014-02-03 10:30:00,95.0
2014-02-03 11:00:00,97.0
2014-02-03 11:14:00,99.0
2014-02-06 15:00:00,93.0
2014-02-06 16:00:00,93.0
2014-02-06 16:30:00,95.0
2014-02-06 17:00:00,95.0
2014-02-06 17:30:00,95.0
2014-02-06 18:00:00,93.0
2014-02-06 18:30:00,93.0
2014-02-07 12:00:00,93.0
2014-02-07 12:17:00,93.0
2014-02-07 12:30:00,95.0
2014-02-07 12:45:00,95.0
2014-02-07 13:00:00,95.0
2014-02-07 13:04:00,97.0
2014-02-07 13:30:00,97.0
2014-02-07 13:40:00,99.0
2014-02-07 14:00:00,100.0
2014-02-07 14:30:00,93.0
2014-02-08 13:00:00,95.0
2014-02-08 13:30:00,99.0
2014-02-08 14:00:00,100.0
2014-02-08 14:30:00,100.0
2014-02-08 15:00:00,104.0
2014-02-08 15:30:00,106.0
2014-02-08 16:00:00,106.0
2014-02-08 16:30:00,106.0
2014-02-08 17:00:00,106.0
2014-02-08 17:30:00,104.0
2014-02-08 18:00:00,106.0
2014-02-08 18:30:00,106.0
2014-02-08 19:00:00,104.0
2014-02-08 19:30:00,102.0
2014-02-08 20:00:00,100.0
2014-02-08 20:30:00,93.0
2014-02-08 21:00:00,93.0
2014-02-09 10:00:00,97.0
2014-02-09 10:32:00,99.0
2014-02-09 11:00:00,100.0
2014-02-09 11:30:00,102.0
2014-02-09 12:00:00,104.0
2014-02-09 12:26:00,93.0
2014-02-25 14:30:00,93.0
2014-02-25 14:38:00,93.0
2014-02-25 15:00:00,93.0
2014-02-25 15:10:00,97.0
2014-02-25 15:30:00,93.0
2014-02-25 16:00:00,95.0
2014-03-10 13:30:00,93.0
2014-11-08 13:30:00,93.0
2014-11-08 14:00:00,93.0
2014-11-08 14:10:00,93.0
2014-11-08 14:30:00,93.0
2014-11-08 15:00:00,93.0
2014-11-08 15:30:00,95.0
2014-11-08 15:43:00,95.0
2014-11-08 16:00:00,95.0
2014-11-30 13:30:00,93.0
2014-11-30 14:00:00,93.0
2014-11-30 16:00:00,95.0
2014-11-30 17:00:00,93.0
2015-01-02 12:00:00,93.0
2015-01-02 12:30:00,95.0
2015-01-02 13:00:00,97.0
2015-01-02 13:06:00,97.0
2015-01-02 13:30:00,99.0
2015-01-02 13:42:00,99.0
2015-01-02 14:00:00,97.0
2015-01-02 14:30:00,99.0
2015-01-02 15:00:00,100.0
2015-01-02 15:30:00,100.0
2015-01-02 16:00:00,100.0
2015-01-02 16:14:00,102.0
2015-01-02 16:30:00,102.0
2015-01-02 17:00:00,104.0
2015-01-02 17:14:00,104.0
2015-01-02 17:30:00,104.0
2015-01-02 18:00:00,104.0
2015-01-02 18:30:00,104.0
2015-01-02 19:00:00,100.0
2015-01-02 19:30:00,99.0
2015-01-02 20:00:00,97.0
2015-01-02 20:30:00,93.0
2015-01-02 21:00:00,93.0
2015-01-02 21:30:00,93.0
2015-01-03 11:30:00,93.0
2015-01-03 11:37:00,93.0
2015-01-03 12:00:00,97.0
2015-01-03 12:30:00,97.0
2015-01-03 12:40:00,97.0
2015-01-03 13:00:00,97.0
2015-01-03 13:30:00,97.0
2015-01-03 13:41:00,100.0
2015-01-03 14:00:00,99.0
2015-01-03 14:30:00,100.0
2015-01-03 15:00:00,100.0
2015-01-03 15:30:00,102.0
2015-01-03 16:00:00,100.0
2015-01-03 16:14:00,99.0
2015-01-03 16:30:00,100.0
2015-01-03 17:00:00,99.0
2015-01-03 17:30:00,99.0
2015-01-03 17:43:00,99.0
2015-01-03 17:58:00,93.0
2015-01-07 11:00:00,93.0
2015-01-07 11:30:00,97.0
2015-01-07 12:00:00,99.0
2015-01-07 12:27:00,100.0
2015-01-07 12:30:00,99.0
2015-01-07 13:00:00,100.0
2015-01-07 13:30:00,100.0
2015-01-07 13:55:00,102.0
2015-01-07 14:00:00,100.0
2015-01-07 14:30:00,102.0
2015-01-07 15:00:00,102.0
2015-01-07 15:30:00,102.0
2015-01-07 15:54:00,93.0
2015-01-07 16:04:00,93.0
2015-01-07 16:30:00,99.0
2015-01-07 17:00:00,99.0
2015-01-07 17:30:00,99.0
2015-01-07 18:00:00,97.0
2015-01-07 18:27:00,95.0
2015-01-22 13:00:00,93.0
2015-01-22 13:30:00,93.0
2015-01-22 14:00:00,93.0
2015-01-22 14:30:00,95.0
2015-01-22 15:00:00,93.0
2015-01-22 15:30:00,95.0
2015-01-22 15:47:00,93.0
2015-01-22 16:00:00,93.0
2015-01-22 16:30:00,93.0
2015-01-22 17:00:00,93.0
2015-01-22 17:30:00,97.0
2015-01-22 18:00:00,95.0
2015-02-06 14:00:00,93.0
2015-02-06 14:30:00,97.0
2015-02-06 15:00:00,93.0
2015-02-06 15:30:00,93.0
2015-02-06 16:00:00,95.0
2015-02-06 16:30:00,93.0
2015-02-06 17:00:00,93.0
2015-02-06 17:30:00,95.0
2015-02-06 18:00:00,95.0
2015-02-06 18:30:00,95.0
2015-02-06 19:00:00,93.0
2015-02-06 19:30:00,93.0
2015-02-07 13:00:00,97.0
2015-02-07 13:30:00,93.0
2015-02-07 13:40:00,93.0
2015-02-07 14:30:00,95.0
2015-02-07 14:55:00,95.0
2015-02-07 15:00:00,95.0
2015-02-07 15:30:00,93.0
2015-02-11 12:00:00,95.0
2015-02-15 16:00:00,93.0
2015-02-15 16:30:00,93.0
2015-02-15 17:00:00,93.0
2015-02-15 17:30:00,93.0
2015-02-15 18:00:00,93.0
2015-02-15 18:30:00,93.0
2015-02-21 12:20:00,93.0
2015-02-21 12:30:00,93.0
2015-02-21 13:00:00,95.0
2015-02-21 13:30:00,95.0
2015-02-21 14:00:00,99.0
2015-02-21 14:30:00,97.0
2015-02-21 15:00:00,97.0
2015-02-21 15:30:00,99.0
2015-02-21 16:00:00,95.0
2015-02-21 16:30:00,97.0
2015-02-21 17:00:00,97.0
2015-02-21 17:09:00,95.0
2015-02-21 18:30:00,95.0
2015-02-22 14:00:00,93.0
2015-02-22 14:30:00,97.0
2015-02-22 15:00:00,95.0
2015-02-22 15:30:00,99.0
2015-02-22 16:00:00,95.0
2015-02-22 16:30:00,95.0
2015-02-22 17:00:00,95.0
2015-10-05 15:23:00,93.0
2015-10-05 16:00:00,93.0
2015-10-05 16:08:00,93.0
2015-10-05 16:30:00,93.0
2015-10-05 17:00:00,93.0
2015-10-05 17:10:00,93.0
2015-10-05 17:32:00,93.0
2015-10-06 12:12:00,93.0
2015-10-06 12:32:00,93.0
2015-10-06 12:44:00,95.0
2015-10-06 12:46:00,95.0
2015-10-06 12:50:00,95.0
2015-10-06 13:00:00,95.0
2015-10-06 13:30:00,95.0
2015-10-06 14:00:00,95.0
2015-10-06 14:12:00,95.0
2015-10-06 14:20:00,93.0
2015-10-06 14:30:00,93.0
2015-10-06 14:31:00,93.0
2015-10-06 15:00:00,95.0
2015-10-06 15:30:00,93.0
2015-10-06 15:44:00,93.0
2015-10-06 15:48:00,93.0
2015-10-06 15:54:00,93.0
2015-10-06 16:00:00,93.0
2015-10-15 15:02:00,93.0
2015-11-09 15:00:00,93.0
2015-11-09 17:00:00,93.0
2015-11-25 15:30:00,93.0
2015-11-25 16:00:00,93.0
2015-11-25 16:05:00,93.0
2015-12-08 14:00:00,93.0
2015-12-08 15:00:00,93.0
2015-12-08 15:30:00,95.0
2015-12-08 16:00:00,95.0
2015-12-08 16:30:00,97.0
2015-12-08 16:39:00,97.0
2015-12-08 17:00:00,95.0
2015-12-08 17:35:00,93.0
2015-12-17 13:26:00,93.0
2015-12-17 13:30:00,93.0
2015-12-17 14:00:00,93.0
2015-12-17 14:30:00,95.0
2015-12-17 15:00:00,97.0
2015-12-17 15:30:00,95.0
2015-12-17 16:00:00,97.0
2015-12-17 16:30:00,95.0
2015-12-17 17:00:00,97.0
2015-12-17 17:30:00,97.0
2015-12-17 18:00:00,97.0
2015-12-17 18:30:00,97.0
2015-12-17 19:00:00,95.0
2015-12-18 10:00:00,93.0
2015-12-18 10:19:00,95.0
2015-12-18 10:31:00,95.0
2015-12-18 11:00:00,97.0
2015-12-18 11:30:00,99.0
2015-12-18 12:00:00,99.0
2015-12-18 12:12:00,99.0
2015-12-18 12:32:00,100.0
2015-12-18 13:00:00,100.0
2015-12-18 13:30:00,102.0
2015-12-18 14:00:00,102.0
2015-12-18 14:30:00,100.0
2015-12-18 15:00:00,102.0
2015-12-18 15:30:00,102.0
2015-12-18 16:00:00,102.0
2015-12-19 09:00:00,93.0
2015-12-19 09:04:00,93.0
2015-12-19 09:30:00,97.0
2015-12-19 10:00:00,99.0
2015-12-19 10:30:00,97.0
2015-12-19 10:40:00,100.0
2015-12-19 11:00:00,102.0
2015-12-19 11:21:00,102.0
2015-12-19 11:30:00,102.0
2015-12-19 12:00:00,102.0
2015-12-19 12:30:00,104.0
2015-12-19 13:00:00,104.0
2015-12-19 13:30:00,104.0
2015-12-19 14:00:00,106.0
2015-12-19 14:30:00,106.0
2015-12-19 14:33:00,108.0
2015-12-19 14:44:00,106.0
2015-12-19 14:47:00,108.0
2015-12-19 15:00:00,104.0
2015-12-19 15:30:00,106.0
2015-12-19 16:00:00,106.0
2015-12-19 16:30:00,106.0
2015-12-19 16:56:00,106.0
2015-12-19 17:00:00,106.0
2015-12-19 17:33:00,106.0
2015-12-19 18:00:00,102.0
2015-12-19 18:23:00,93.0
2015-12-20 09:00:00,93.0
2015-12-20 09:30:00,97.0
2015-12-20 09:49:00,99.0
2015-12-20 10:00:00,100.0
2015-12-20 10:03:00,99.0
2015-12-20 10:30:00,99.0
2015-12-20 11:00:00,99.0
2015-12-20 11:30:00,100.0
2015-12-20 12:00:00,102.0
2015-12-20 12:21:00,99.0
2015-12-20 12:30:00,93.0
2015-12-20 13:00:00,99.0
2015-12-20 13:30:00,97.0
2015-12-20 14:00:00,97.0
2015-12-20 14:06:00,99.0
2015-12-20 14:22:00,95.0
2015-12-20 14:30:00,97.0
2015-12-24 14:30:00,93.0
2015-12-24 16:30:00,95.0
2015-12-24 17:00:00,93.0
2015-12-24 17:30:00,93.0
2015-12-24 18:00:00,93.0
2015-12-25 14:30:00,93.0
2015-12-25 15:00:00,93.0
2015-12-25 15:30:00,93.0
2015-12-25 15:39:00,93.0
2015-12-25 16:00:00,93.0
2015-12-25 16:34:00,95.0
2015-12-25 17:00:00,95.0
2015-12-25 17:30:00,93.0
2015-12-25 18:30:00,93.0
2015-12-30 13:30:00,93.0
2015-12-30 14:00:00,93.0
2015-12-30 14:30:00,93.0
2015-12-30 15:00:00,93.0
2015-12-30 15:30:00,95.0
2015-12-30 16:00:00,95.0
2015-12-30 16:30:00,95.0
2015-12-30 17:00:00,93.0
2015-12-30 18:30:00,93.0
2015-12-31 10:00:00,93.0
2015-12-31 10:30:00,95.0
2015-12-31 11:00:00,97.0
2015-12-31 11:30:00,99.0
2015-12-31 12:00:00,99.0
2015-12-31 12:30:00,99.0
2015-12-31 13:00:00,99.0
2015-12-31 13:30:00,100.0
2015-12-31 14:00:00,100.0
2015-12-31 14:30:00,102.0
2015-12-31 14:38:00,100.0
2015-12-31 15:00:00,100.0
2015-12-31 15:30:00,102.0
2015-12-31 16:00:00,102.0
2015-12-31 16:30:00,100.0
2015-12-31 17:00:00,102.0
2015-12-31 17:30:00,100.0
2015-12-31 18:00:00,99.0
2015-12-31 18:30:00,99.0
2015-12-31 19:00:00,99.0
2015-12-31 19:30:00,95.0
2016-01-11 10:30:00,93.0
2016-01-11 11:00:00,95.0
2016-01-11 11:30:00,95.0
2016-01-11 12:00:00,93.0
2016-01-11 12:30:00,95.0
2016-01-11 13:00:00,93.0
2016-01-11 13:30:00,95.0
2016-01-11 14:00:00,95.0
2016-01-11 14:30:00,97.0
2016-01-11 14:47:00,99.0
2016-01-11 15:00:00,99.0
2016-01-11 15:30:00,95.0
2016-01-13 10:00:00,93.0
2016-01-13 10:33:00,97.0
2016-01-13 11:00:00,99.0
2016-01-13 11:30:00,97.0
2016-01-13 11:42:00,100.0
2016-01-13 12:00:00,100.0
2016-01-13 12:30:00,102.0
2016-01-13 13:00:00,104.0
2016-01-13 13:30:00,104.0
2016-01-13 13:47:00,106.0
2016-01-13 14:00:00,106.0
2016-01-13 14:31:00,104.0
2016-01-13 15:00:00,106.0
2016-01-13 15:30:00,109.0
2016-01-13 15:36:00,108.0
2016-01-13 15:46:00,108.0
2016-01-13 15:57:00,109.0
2016-01-13 16:05:00,108.0
2016-01-13 16:30:00,108.0
2016-01-13 17:00:00,109.0
2016-01-13 17:14:00,108.0
2016-01-13 17:30:00,106.0
2016-01-13 18:00:00,99.0
2016-01-13 18:30:00,95.0
2016-01-18 13:30:00,93.0
2016-01-18 15:00:00,97.0
2016-01-18 15:30:00,95.0
2016-01-18 16:00:00,93.0
2016-01-18 16:30:00,93.0
2016-01-18 17:00:00,97.0
2016-01-18 17:30:00,97.0
2016-02-13 15:30:00,97.0
2016-02-23 11:00:00,93.0
2016-02-23 11:19:00,93.0
2016-02-23 11:30:00,93.0
2016-02-23 12:00:00,97.0
2016-02-23 12:30:00,97.0
2016-02-23 13:00:00,100.0
2016-02-23 13:05:00,100.0
2016-02-23 13:30:00,100.0
2016-02-23 13:36:00,100.0
2016-02-23 14:00:00,102.0
2016-02-23 14:30:00,104.0
2016-02-23 15:00:00,104.0
2016-02-23 15:30:00,104.0
2016-02-23 16:00:00,104.0
2016-02-23 16:30:00,104.0
2016-02-23 16:41:00,104.0
2016-02-23 17:00:00,104.0
2016-02-23 17:30:00,104.0
2016-02-23 18:00:00,100.0
2016-02-23 18:14:00,93.0
2016-03-01 15:30:00,93.0
2016-03-01 16:00:00,93.0
2016-03-02 13:00:00,93.0
2016-03-02 13:30:00,93.0
2016-03-02 14:00:00,93.0
2016-03-02 14:30:00,95.0
2016-03-02 15:00:00,95.0
2016-03-02 15:30:00,95.0
2016-03-02 16:00:00,97.0
2016-03-02 16:25:00,93.0
2016-03-04 12:30:00,95.0
2016-03-04 13:00:00,95.0
2016-03-04 13:35:00,95.0
2016-03-04 14:00:00,97.0
2016-03-04 14:30:00,99.0
2016-03-04 14:37:00,100.0
2016-03-04 15:00:00,99.0
2016-03-04 15:12:00,100.0
2016-03-04 15:30:00,97.0
2016-03-04 16:00:00,100.0
2016-03-04 16:03:00,102.0
2016-03-04 16:30:00,99.0
2016-03-04 17:00:00,100.0
2016-03-04 17:15:00,97.0
2016-03-08 11:30:00,93.0
2016-03-08 12:00:00,97.0
2016-03-08 12:30:00,97.0
2016-03-08 13:00:00,99.0
2016-03-08 13:30:00,100.0
2016-03-08 14:00:00,102.0
2016-03-08 14:30:00,100.0
2016-03-08 15:00:00,104.0
2016-03-08 15:30:00,104.0
2016-03-08 16:00:00,104.0
2016-03-08 16:30:00,102.0
2016-03-08 16:53:00,102.0
2016-03-08 17:00:00,102.0
2016-03-08 17:30:00,100.0
2016-03-08 18:00:00,102.0
2016-03-08 18:30:00,99.0
2016-03-08 19:00:00,99.0
2016-03-08 19:30:00,95.0
2016-03-08 20:00:00,95.0
2016-03-08 20:30:00,93.0
2016-11-21 16:00:00,93.0
2016-11-21 16:05:00,93.0
2016-11-21 17:00:00,93.0
2016-12-13 14:51:00,95.0
2016-12-13 15:00:00,95.0
2016-12-13 15:30:00,95.0
2016-12-13 16:00:00,95.0
2016-12-13 16:30:00,95.0
2016-12-13 17:00:00,95.0
2016-12-13 17:30:00,95.0
2016-12-24 15:00:00,93.0
2016-12-24 15:30:00,95.0
2016-12-24 15:55:00,93.0
2016-12-24 16:00:00,93.0
2016-12-24 16:32:00,93.0
2016-12-24 17:00:00,93.0
2016-12-24 17:30:00,93.0
2016-12-24 18:00:00,93.0
2016-12-25 12:30:00,93.0
2016-12-25 13:00:00,93.0
2016-12-25 13:30:00,95.0
2016-12-25 14:00:00,93.0
2016-12-25 14:05:00,95.0
2016-12-25 14:32:00,95.0
2016-12-25 15:00:00,97.0
2016-12-25 15:30:00,97.0
2016-12-25 16:00:00,95.0
2016-12-25 16:30:00,95.0
2016-12-25 17:00:00,97.0
2016-12-25 17:21:00,97.0
2016-12-25 17:30:00,97.0
2016-12-25 18:00:00,97.0
2016-12-25 18:30:00,95.0
2016-12-25 19:00:00,95.0
2016-12-25 19:30:00,93.0
2016-12-28 15:00:00,93.0
2016-12-28 15:30:00,95.0
2016-12-28 15:44:00,97.0
2016-12-28 16:00:00,97.0
2016-12-28 16:14:00,99.0
2016-12-28 16:23:00,100.0
2016-12-28 16:25:00,99.0
2016-12-28 16:30:00,99.0
2016-12-28 16:32:00,99.0
2016-12-28 17:00:00,100.0
2016-12-28 17:30:00,99.0
2016-12-28 17:44:00,97.0
2016-12-28 18:00:00,97.0
2016-12-28 18:05:00,97.0
2016-12-28 18:30:00,97.0
2016-12-28 18:39:00,97.0
2016-12-28 19:00:00,97.0
2016-12-28 19:30:00,97.0
2016-12-28 20:00:00,95.0
2016-12-28 20:30:00,93.0
2016-12-29 12:57:00,93.0
2016-12-29 13:00:00,93.0
2017-01-06 15:30:00,93.0
2017-01-06 16:00:00,93.0
2017-01-06 16:30:00,93.0
2017-01-06 18:00:00,93.0
2017-01-07 12:31:00,93.0
2017-01-07 13:00:00,93.0
2017-01-07 13:30:00,95.0
2017-01-07 14:00:00,95.0
2017-01-07 14:30:00,97.0
2017-01-07 15:00:00,97.0
2017-01-07 15:30:00,97.0
2017-01-07 16:00:00,95.0
2017-01-07 16:30:00,95.0
2017-01-07 17:00:00,95.0
2017-01-07 17:30:00,95.0
2017-01-07 18:00:00,95.0
2017-01-07 18:30:00,93.0
2017-01-07 19:00:00,93.0
2017-01-07 19:30:00,93.0
2017-01-08 11:30:00,93.0
2017-01-17 10:30:00,93.0
2017-01-17 11:00:00,93.0
2017-01-17 11:30:00,95.0
2017-01-17 12:00:00,95.0
2017-01-17 12:30:00,97.0
2017-01-17 12:48:00,99.0
2017-01-17 13:00:00,97.0
2017-01-17 13:12:00,97.0
2017-01-17 13:30:00,97.0
2017-01-17 14:00:00,95.0
2017-01-17 14:30:00,97.0
2017-01-17 15:00:00,95.0
2017-01-17 15:30:00,97.0
2017-01-17 16:00:00,95.0
2017-01-17 16:30:00,99.0
2017-01-17 17:00:00,99.0
2017-01-17 17:27:00,95.0
2017-01-17 17:30:00,95.0
2017-01-23 15:00:00,93.0
2017-01-23 15:30:00,95.0
2017-01-23 16:00:00,97.0
2017-01-23 16:30:00,95.0
2017-01-23 17:00:00,97.0
2017-01-23 17:30:00,97.0
2017-01-23 18:00:00,95.0
2017-01-23 18:30:00,95.0
2017-02-04 13:00:00,93.0
2017-02-04 13:30:00,93.0
2017-02-04 14:00:00,95.0
2017-02-04 14:30:00,95.0
2017-02-04 14:50:00,95.0
2017-02-04 15:00:00,95.0
2017-02-04 15:30:00,95.0
2017-02-04 15:53:00,95.0
2017-02-04 16:00:00,97.0
2017-02-04 16:08:00,95.0
2017-02-04 16:30:00,93.0
2017-02-04 17:00:00,97.0
2017-02-04 17:30:00,95.0
2017-02-04 18:00:00,95.0
2017-02-04 18:30:00,95.0
2017-02-08 15:00:00,93.0
2017-02-08 15:30:00,93.0
2017-02-08 16:00:00,95.0
2017-02-08 16:30:00,95.0
2017-02-08 17:00:00,95.0
2017-02-08 17:06:00,95.0
2017-02-08 17:30:00,95.0
2017-02-08 18:00:00,95.0
2017-02-08 18:30:00,95.0
2017-02-08 19:00:00,95.0
2017-02-08 19:30:00,93.0
2017-02-09 13:00:00,93.0
2017-02-09 13:30:00,93.0
2017-02-09 14:00:00,95.0
2017-02-09 14:30:00,95.0
2017-02-09 15:00:00,99.0
2017-03-15 16:17:00,93.0
2017-11-14 14:30:00,93.0
2017-11-14 15:30:00,93.0
2017-11-14 16:00:00,93.0
2017-11-29 13:30:00,95.0
2017-11-29 14:00:00,93.0
2017-11-29 14:30:00,93.0
2017-11-29 15:30:00,95.0
2017-11-29 16:00:00,95.0
2017-11-29 16:30:00,93.0
2017-11-29 17:00:00,95.0
2017-11-29 17:30:00,95.0
2017-11-29 18:00:00,93.0
2017-11-29 18:30:00,93.0
2017-11-30 13:00:00,95.0
2017-11-30 14:00:00,95.0
2017-11-30 14:30:00,93.0
2017-11-30 15:50:00,93.0
2017-12-13 12:30:00,95.0
2017-12-13 12:56:00,95.0
2017-12-13 13:00:00,95.0
2017-12-13 13:30:00,95.0
2017-12-13 14:00:00,97.0
2017-12-13 14:07:00,97.0
2017-12-13 14:30:00,95.0
2017-12-13 14:45:00,97.0
2017-12-13 15:00:00,97.0
2017-12-13 15:30:00,99.0
2017-12-13 15:44:00,99.0
2017-12-13 16:00:00,99.0
2017-12-13 16:32:00,99.0
2017-12-13 17:00:00,97.0
2017-12-13 17:30:00,99.0
2017-12-13 18:00:00,99.0
2017-12-13 18:30:00,97.0
2017-12-13 19:00:00,97.0
2017-12-13 19:30:00,95.0
2017-12-19 13:57:00,95.0
2017-12-19 14:00:00,95.0
2017-12-19 14:10:00,97.0
2017-12-19 14:30:00,99.0
2017-12-19 15:00:00,99.0
2017-12-19 15:30:00,97.0
2017-12-19 16:00:00,100.0
2017-12-19 16:15:00,99.0
2017-12-19 16:30:00,97.0
2017-12-19 16:36:00,97.0
2017-12-19 17:00:00,97.0
2017-12-27 15:14:00,93.0
2017-12-27 15:30:00,93.0
2017-12-27 16:08:00,93.0
2017-12-27 16:40:00,93.0
2017-12-27 17:00:00,93.0
2017-12-27 17:30:00,93.0
2018-01-06 11:00:00,95.0
2018-01-06 11:30:00,95.0
2018-01-06 12:00:00,97.0
2018-01-06 12:04:00,99.0
2018-01-06 12:33:00,99.0
2018-01-06 13:00:00,100.0
2018-01-06 13:08:00,100.0
2018-01-06 13:30:00,102.0
2018-01-06 14:00:00,102.0
2018-01-06 14:08:00,104.0
2018-01-06 14:32:00,104.0
2018-01-06 14:34:00,104.0
2018-01-06 14:40:00,104.0
2018-01-06 15:00:00,104.0
2018-01-06 15:15:00,104.0
2018-01-06 15:22:00,106.0
2018-01-06 15:30:00,104.0
2018-01-06 16:00:00,104.0
2018-01-06 16:13:00,106.0
2018-01-06 16:25:00,106.0
2018-01-06 16:35:00,106.0
2018-01-06 17:00:00,106.0
2018-01-06 17:30:00,106.0
2018-01-06 17:53:00,102.0
2018-01-06 18:00:00,106.0
2018-01-06 18:12:00,93.0
2018-01-11 16:00:00,93.0
2018-01-11 17:00:00,95.0
2018-01-11 17:30:00,93.0
2018-01-11 18:00:00,93.0
2018-01-11 18:30:00,93.0
2018-01-11 19:00:00,93.0
2018-01-11 19:30:00,93.0
2018-01-18 11:00:00,93.0
2018-01-18 11:30:00,95.0
2018-01-18 12:00:00,97.0
2018-01-18 12:30:00,97.0
2018-01-18 13:00:00,99.0
2018-01-18 13:08:00,99.0
2018-01-18 13:30:00,99.0
2018-01-18 14:00:00,99.0
2018-01-18 14:30:00,100.0
2018-01-18 15:00:00,100.0
2018-01-18 15:30:00,100.0
2018-01-18 16:00:00,102.0
2018-01-18 16:35:00,102.0
2018-01-18 17:00:00,102.0
2018-01-18 17:10:00,102.0
2018-01-18 17:14:00,102.0
2018-01-18 17:30:00,102.0
2018-01-18 18:00:00,102.0
2018-01-18 18:30:00,102.0
2018-01-18 19:00:00,102.0
2018-01-18 19:30:00,100.0
2018-01-18 20:00:00,99.0
2018-01-18 20:30:00,95.0
2018-01-19 09:56:00,93.0
2018-01-19 10:00:00,93.0
2018-01-19 10:30:00,95.0
2018-01-19 11:00:00,97.0
2018-01-19 11:30:00,99.0
2018-01-19 11:39:00,99.0
2018-01-19 12:00:00,100.0
2018-01-19 12:30:00,102.0
2018-01-19 12:43:00,104.0
2018-01-19 13:00:00,104.0
2018-01-19 13:22:00,106.0
2018-01-19 13:30:00,104.0
2018-01-19 14:00:00,106.0
2018-01-19 14:30:00,106.0
2018-01-19 15:00:00,106.0
2018-01-19 15:24:00,108.0
2018-01-19 15:31:00,106.0
2018-01-19 16:00:00,106.0
2018-01-19 16:30:00,108.0
2018-01-19 17:00:00,99.0
2018-01-28 12:00:00,93.0
2018-01-28 12:30:00,95.0
2018-01-28 13:00:00,97.0
2018-01-28 13:14:00,97.0
2018-01-28 13:35:00,97.0
2018-01-28 14:00:00,99.0
2018-01-28 14:30:00,97.0
2018-01-28 15:00:00,99.0
2018-01-28 15:30:00,99.0
2018-01-28 15:50:00,100.0
2018-01-28 16:00:00,99.0
2018-01-28 16:16:00,100.0
2018-01-28 16:30:00,100.0
2018-01-28 17:00:00,100.0
2018-01-28 17:30:00,100.0
2018-01-28 18:00:00,100.0
2018-01-28 18:30:00,100.0
2018-01-28 19:00:00,99.0
2018-01-28 19:30:00,99.0
2018-01-28 20:00:00,97.0
2018-01-28 20:30:00,95.0
2018-02-07 13:00:00,93.0
2018-02-07 13:30:00,95.0
2018-02-07 14:00:00,95.0
2018-02-07 14:30:00,97.0
2018-02-07 15:00:00,97.0
2018-02-07 15:30:00,97.0
2018-02-07 16:00:00,97.0
2018-02-07 16:30:00,99.0
2018-02-07 17:00:00,99.0
2018-02-07 17:30:00,99.0
2018-02-07 18:00:00,99.0
2018-02-07 18:30:00,95.0
2018-02-07 19:00:00,95.0
2018-02-07 19:30:00,97.0
2018-02-23 16:20:00,93.0
2018-02-23 16:33:00,93.0
2018-03-10 13:30:00,93.0
2018-03-10 14:00:00,93.0
2018-03-10 14:30:00,93.0
2018-03-10 15:00:00,93.0
2018-03-10 15:30:00,95.0
2018-03-10 16:00:00,95.0
2018-03-10 16:30:00,95.0
2018-03-10 16:39:00,95.0
2018-03-10 17:00:00,95.0
2018-03-10 17:30:00,95.0
2018-03-10 18:00:00,95.0
2018-03-10 18:30:00,93.0
2018-11-01 15:30:00,93.0
2018-11-01 16:00:00,93.0
2018-11-01 16:20:00,93.0
2018-11-01 16:30:00,93.0
2018-11-01 16:46:00,93.0
2018-11-01 17:00:00,93.0
2018-12-06 14:36:00,93.0
2018-12-06 15:15:00,93.0
2018-12-06 15:30:00,95.0
2018-12-06 16:00:00,93.0
2018-12-06 16:30:00,95.0
2018-12-06 16:49:00,95.0
2018-12-06 17:00:00,93.0
2018-12-06 17:30:00,93.0
2018-12-06 18:00:00,93.0
2018-12-06 18:30:00,93.0
2018-12-07 11:37:00,93.0
2018-12-07 12:00:00,93.0
2018-12-07 12:30:00,93.0
2018-12-07 13:00:00,97.0
2018-12-07 13:07:00,97.0
2018-12-07 13:30:00,99.0
2018-12-07 13:45:00,97.0
2018-12-07 13:50:00,99.0
2018-12-07 14:00:00,99.0
2018-12-07 14:36:00,99.0
2018-12-07 15:00:00,100.0
2018-12-07 15:04:00,99.0
2018-12-07 15:34:00,97.0
2018-12-07 15:44:00,97.0
2018-12-07 16:00:00,97.0
2018-12-07 16:30:00,97.0
2018-12-07 17:00:00,95.0
2018-12-07 17:30:00,95.0
2018-12-07 18:00:00,93.0
2018-12-07 18:36:00,95.0
2018-12-27 11:00:00,93.0
2018-12-27 11:30:00,95.0
2018-12-27 12:00:00,97.0
2018-12-27 12:30:00,97.0
2018-12-27 13:00:00,97.0
2018-12-27 13:30:00,99.0
2018-12-27 13:51:00,100.0
2018-12-27 14:00:00,99.0
2018-12-27 14:22:00,100.0
2018-12-27 14:30:00,100.0
2018-12-27 15:00:00,102.0
2018-12-27 15:06:00,102.0
2018-12-27 15:30:00,100.0
2018-12-27 16:00:00,102.0
2018-12-27 16:24:00,100.0
2018-12-27 16:30:00,100.0
2018-12-27 17:00:00,100.0
2018-12-27 17:12:00,100.0
2018-12-27 17:30:00,102.0
2018-12-27 17:49:00,93.0
2018-12-28 10:00:00,93.0
2018-12-28 10:30:00,93.0
2018-12-28 11:00:00,95.0
2018-12-28 11:30:00,93.0
2018-12-28 12:00:00,95.0
2018-12-28 12:30:00,93.0
2018-12-28 13:00:00,97.0
2019-01-04 10:00:00,93.0
2019-01-04 10:30:00,95.0
2019-01-04 10:48:00,97.0
2019-01-04 11:00:00,97.0
2019-01-04 11:37:00,99.0
2019-01-04 12:00:00,100.0
2019-01-04 12:25:00,104.0
2019-01-04 12:34:00,102.0
2019-01-04 13:00:00,104.0
2019-01-04 13:32:00,104.0
2019-01-04 14:00:00,106.0
2019-01-04 14:16:00,106.0
2019-01-04 14:30:00,108.0
2019-01-04 15:00:00,108.0
2019-01-04 15:21:00,108.0
2019-01-04 15:30:00,108.0
2019-01-04 16:00:00,109.0
2019-01-04 16:02:00,109.0
2019-01-04 16:30:00,108.0
2019-01-14 13:00:00,95.0
2019-01-14 13:30:00,93.0
2019-01-14 14:00:00,95.0
2019-01-14 14:30:00,97.0
2019-01-14 15:00:00,100.0
2019-01-14 15:30:00,99.0
2019-01-14 16:00:00,95.0
2019-01-15 10:00:00,93.0
2019-01-15 12:00:00,95.0
2019-01-15 12:30:00,99.0
2019-01-15 13:00:00,97.0
2019-01-15 13:30:00,95.0
2019-01-15 14:30:00,95.0
2019-01-17 13:30:00,95.0
2019-01-17 14:00:00,97.0
2019-01-17 14:14:00,97.0
2019-01-17 14:30:00,99.0
2019-01-17 14:40:00,99.0
2019-01-17 15:00:00,95.0
2019-01-17 15:01:00,95.0
2019-01-17 15:13:00,93.0
2019-01-24 12:30:00,93.0
2019-01-24 13:00:00,97.0
2019-01-24 13:30:00,99.0
2019-01-24 14:00:00,100.0
2019-01-24 14:30:00,102.0
2019-01-24 15:00:00,102.0
2019-01-24 15:30:00,104.0
2019-01-24 16:00:00,104.0
2019-01-24 16:30:00,104.0
2019-01-24 17:00:00,108.0
2019-01-24 17:30:00,106.0
2019-01-24 18:00:00,106.0
2019-01-24 18:30:00,106.0
2019-01-24 19:00:00,106.0
2019-01-24 19:30:00,104.0
2019-01-24 20:00:00,102.0
2019-01-24 20:30:00,97.0
2019-01-24 21:00:00,95.0
2019-01-25 09:00:00,95.0
2019-01-25 09:12:00,95.0
2019-01-25 09:30:00,95.0
2019-01-25 10:00:00,99.0
2019-01-25 10:04:00,99.0
2019-01-25 10:30:00,100.0
2019-01-25 11:00:00,102.0
2019-01-25 11:02:00,104.0
2019-01-25 11:34:00,106.0
2019-01-25 12:00:00,106.0
2019-01-25 12:04:00,106.0
2019-01-25 12:30:00,109.0
2019-01-25 12:50:00,109.0
2019-01-25 12:54:00,108.0
2019-01-25 12:58:00,109.0
2019-01-25 13:00:00,109.0
2019-01-25 13:06:00,109.0
2019-01-25 13:10:00,111.0
2019-01-25 13:30:00,111.0
2019-01-25 13:45:00,111.0
2019-01-25 13:47:00,113.0
2019-01-25 14:00:00,111.0
2019-01-25 14:27:00,113.0
2019-01-25 14:30:00,113.0
2019-01-25 14:37:00,95.0
2019-01-28 15:00:00,95.0
2019-01-28 15:30:00,95.0
2019-01-28 16:00:00,93.0
2019-01-28 16:30:00,95.0
2019-01-28 17:00:00,95.0
2019-01-28 17:01:00,95.0
2019-01-28 17:30:00,93.0
2019-01-29 13:30:00,93.0
2019-01-29 13:43:00,93.0
2019-01-29 14:00:00,93.0
2019-01-29 14:30:00,95.0
2019-01-29 14:33:00,97.0
2019-01-29 15:00:00,99.0
2019-01-29 15:30:00,97.0
2019-01-29 16:00:00,99.0
2019-01-29 16:30:00,99.0
2019-01-29 16:36:00,100.0
2019-01-30 11:00:00,93.0
2019-01-30 11:30:00,93.0
2019-01-30 12:00:00,97.0
2019-01-30 12:10:00,97.0
2019-01-30 12:30:00,97.0
2019-01-30 13:00:00,100.0
2019-01-30 13:19:00,99.0
2019-01-30 13:20:00,100.0
2019-01-30 13:30:00,100.0
2019-01-30 14:00:00,100.0
2019-01-30 14:10:00,102.0
2019-01-30 14:21:00,100.0
2019-01-30 14:25:00,99.0
2019-01-30 14:30:00,100.0
2019-01-30 14:40:00,102.0
2019-01-30 15:00:00,102.0
2019-01-30 15:30:00,100.0
2019-01-30 16:00:00,99.0
2019-01-30 16:22:00,100.0
2019-01-30 16:28:00,95.0
2019-01-30 16:30:00,95.0
2019-02-02 14:16:00,95.0
2019-02-02 14:30:00,93.0
2019-02-02 14:57:00,95.0
2019-02-02 15:00:00,95.0
2019-02-02 15:30:00,95.0
2019-02-02 16:00:00,95.0
2019-02-02 16:30:00,99.0
2019-02-02 17:00:00,97.0
2019-02-02 17:30:00,97.0
2019-02-02 18:00:00,97.0
2019-02-02 18:30:00,95.0
2019-02-02 18:40:00,97.0
2019-02-02 18:43:00,97.0
2019-02-02 19:00:00,95.0
2019-02-02 19:30:00,95.0
2019-02-02 20:00:00,93.0
2019-02-03 11:00:00,93.0
2019-02-03 11:30:00,97.0
2019-02-03 12:00:00,97.0
2019-02-03 12:30:00,100.0
2019-02-03 13:00:00,100.0
2019-02-03 13:30:00,102.0
2019-02-03 14:00:00,102.0
2019-02-03 14:02:00,102.0
2019-02-03 14:05:00,104.0
2019-02-03 14:30:00,100.0
2019-02-03 15:00:00,102.0
2019-02-03 15:30:00,104.0
2019-02-03 16:00:00,106.0
2019-02-03 16:09:00,95.0
2019-02-06 14:00:00,93.0
2019-02-06 15:00:00,95.0
2019-02-06 16:30:00,93.0
2019-02-06 17:30:00,93.0
2019-02-25 15:00:00,93.0
2019-02-25 16:00:00,95.0
2019-02-25 16:30:00,93.0
2019-02-25 17:00:00,93.0
2019-02-25 17:30:00,93.0
2019-02-25 18:00:00,93.0
2019-02-28 12:30:00,93.0
2019-02-28 13:00:00,93.0
2019-02-28 13:20:00,95.0
2019-02-28 13:30:00,95.0
2019-02-28 14:00:00,95.0
2019-02-28 14:30:00,97.0
2019-02-28 15:00:00,97.0
2019-02-28 15:30:00,100.0
2019-02-28 15:42:00,99.0
2019-02-28 16:00:00,99.0
2019-02-28 16:30:00,99.0
2019-02-28 17:00:00,99.0
2019-02-28 17:30:00,97.0
2019-02-28 18:00:00,97.0
2019-02-28 18:30:00,97.0
2019-02-28 19:00:00,95.0
2019-02-28 19:30:00,93.0
2019-03-01 11:00:00,93.0
2019-03-01 11:30:00,93.0
2019-03-01 12:00:00,95.0
2019-03-01 12:30:00,93.0
2019-03-01 13:00:00,97.0
2019-03-01 13:30:00,99.0
2019-03-01 14:00:00,99.0
2019-03-01 14:30:00,99.0
2019-03-01 15:00:00,99.0
2019-03-01 15:30:00,99.0
2019-03-01 16:00:00,99.0
2019-03-01 16:30:00,99.0
2019-03-01 17:00:00,99.0
2019-03-01 17:30:00,99.0
2019-03-01 18:00:00,99.0
2019-03-01 18:28:00,95.0
2019-03-01 18:30:00,95.0
2019-03-01 18:37:00,93.0
2019-03-02 12:30:00,93.0
2019-03-02 13:00:00,95.0
2019-03-02 13:11:00,95.0
2019-03-02 13:30:00,93.0
2019-03-02 14:00:00,95.0
2019-03-02 14:30:00,97.0
2019-03-02 14:56:00,97.0
2019-03-02 15:00:00,97.0
2019-03-02 15:04:00,95.0
2019-03-02 15:30:00,97.0
2019-03-02 16:00:00,97.0
2019-03-02 16:30:00,97.0
2019-03-02 16:50:00,97.0
2019-03-02 17:00:00,97.0
2019-03-02 17:30:00,97.0
2019-03-02 18:00:00,97.0
2019-03-02 18:30:00,95.0
2019-03-02 19:00:00,95.0
2019-03-02 19:30:00,93.0
2019-03-03 12:00:00,93.0
2019-03-03 12:30:00,95.0
2019-03-03 12:58:00,99.0
2019-03-03 13:00:00,97.0
2019-03-03 13:30:00,95.0
2019-03-03 14:00:00,95.0
2019-03-03 14:30:00,100.0
2019-03-03 15:00:00,97.0
2019-03-03 15:30:00,97.0
2019-03-03 16:00:00,95.0
2019-03-03 16:30:00,97.0
2019-03-03 17:00:00,95.0
2019-03-03 17:30:00,95.0
2019-03-03 18:00:00,95.0
2019-03-03 18:30:00,95.0
2019-03-03 19:00:00,93.0
2019-11-01 14:00:00,93.0
2019-11-01 15:00:00,93.0
2019-11-01 15:04:00,93.0
2019-11-20 15:00:00,93.0
2019-11-20 15:30:00,93.0
2019-11-20 16:00:00,93.0
2019-11-20 16:30:00,93.0
2019-11-20 17:00:00,93.0
2019-11-20 17:30:00,95.0
2019-11-20 18:00:00,93.0
2019-11-20 18:30:00,93.0
2019-11-21 10:30:00,93.0
2019-11-21 11:00:00,93.0
2019-11-21 11:30:00,97.0
2019-11-21 12:00:00,97.0
2019-11-21 12:30:00,99.0
2019-11-21 13:00:00,100.0
2019-11-21 13:16:00,104.0
2019-11-21 13:22:00,104.0
2019-11-21 13:28:00,106.0
2019-11-21 13:30:00,104.0
2019-11-21 14:00:00,104.0
2019-11-21 14:30:00,102.0
2019-11-21 14:47:00,100.0
2019-11-21 14:51:00,99.0
2019-11-21 15:00:00,95.0
2019-11-21 15:03:00,95.0
2019-12-09 11:52:00,93.0
2019-12-09 12:00:00,95.0
2019-12-09 12:30:00,95.0
2019-12-09 13:00:00,95.0
2019-12-09 13:01:00,97.0
2019-12-09 13:30:00,97.0
2019-12-09 13:48:00,99.0
2019-12-09 14:00:00,99.0
2019-12-09 14:30:00,99.0
2019-12-09 15:00:00,100.0
2019-12-09 15:30:00,100.0
2019-12-09 16:00:00,99.0
2019-12-09 16:30:00,99.0
2019-12-09 17:00:00,97.0
2019-12-09 17:30:00,99.0
2019-12-09 18:00:00,97.0
2019-12-18 11:00:00,93.0
2019-12-18 11:30:00,97.0
2019-12-18 11:44:00,97.0
2019-12-18 11:47:00,97.0
2019-12-18 12:00:00,97.0
2019-12-18 12:26:00,100.0
2019-12-18 12:30:00,99.0
2019-12-18 13:00:00,99.0
2019-12-18 13:30:00,102.0
2019-12-18 14:00:00,100.0
2019-12-18 14:30:00,102.0
2019-12-18 15:00:00,102.0
2019-12-18 15:30:00,104.0
2019-12-18 16:00:00,102.0
2019-12-18 16:38:00,104.0
2019-12-18 17:00:00,102.0
2019-12-18 17:30:00,104.0
2019-12-18 18:00:00,102.0
2019-12-18 18:30:00,102.0
2019-12-18 19:00:00,100.0
2019-12-18 19:30:00,95.0
2019-12-20 09:49:00,95.0
2019-12-20 10:00:00,95.0
2019-12-20 10:32:00,95.0
2019-12-20 11:00:00,97.0
2019-12-20 11:30:00,100.0
2019-12-20 12:00:00,100.0
2019-12-20 12:30:00,102.0
2019-12-20 12:56:00,104.0
2019-12-20 13:00:00,102.0
2019-12-20 13:30:00,104.0
2019-12-20 13:33:00,104.0
2019-12-20 14:00:00,106.0
2019-12-20 14:19:00,108.0
2019-12-20 14:30:00,109.0
2019-12-20 15:00:00,109.0
2019-12-20 15:03:00,109.0
2019-12-20 15:30:00,109.0
2019-12-20 16:00:00,111.0
2019-12-20 16:04:00,111.0
2019-12-20 16:30:00,111.0
2019-12-20 16:55:00,111.0
2019-12-20 17:00:00,111.0
2019-12-20 17:25:00,111.0
2019-12-20 17:30:00,111.0
2019-12-20 18:00:00,111.0
2019-12-20 18:06:00,111.0
2019-12-20 18:30:00,111.0
2019-12-20 19:00:00,109.0
2019-12-20 19:30:00,108.0
2019-12-20 20:00:00,106.0
2019-12-20 20:30:00,99.0
2019-12-20 21:00:00,99.0
2019-12-20 21:30:00,99.0
2019-12-20 22:00:00,97.0
2019-12-20 22:30:00,95.0
2019-12-20 23:00:00,93.0
2019-12-29 15:00:00,95.0
2019-12-29 15:30:00,95.0
2019-12-30 08:48:00,93.0
2019-12-30 09:29:00,93.0
2019-12-30 10:00:00,93.0
2019-12-30 10:30:00,95.0
2019-12-30 11:00:00,95.0
2019-12-30 11:30:00,99.0
2019-12-30 11:50:00,99.0
2019-12-30 12:00:00,99.0
2019-12-30 12:07:00,100.0
2019-12-30 12:30:00,100.0
2019-12-30 13:00:00,102.0
2019-12-30 13:30:00,102.0
2019-12-30 14:00:00,104.0
2019-12-30 14:30:00,108.0
2019-12-30 15:00:00,106.0
2019-12-30 15:30:00,104.0
2019-12-30 16:00:00,102.0
2019-12-30 16:03:00,99.0
2019-12-30 16:14:00,93.0
2019-12-30 16:19:00,93.0
2019-12-30 16:28:00,95.0
2019-12-30 16:30:00,97.0
2019-12-30 16:36:00,99.0
2019-12-30 16:39:00,102.0
2019-12-30 16:59:00,99.0
2019-12-30 17:00:00,99.0
2019-12-30 17:01:00,99.0
2019-12-30 17:30:00,99.0
2019-12-30 18:00:00,95.0
2019-12-30 18:30:00,99.0
2019-12-30 19:00:00,99.0
2019-12-30 19:04:00,99.0
2019-12-30 19:20:00,99.0
2019-12-30 19:24:00,97.0
2019-12-30 19:28:00,97.0
2019-12-30 19:30:00,95.0
2020-01-03 15:00:00,93.0
2020-01-03 15:30:00,95.0
2020-01-03 16:00:00,97.0
2020-01-03 16:30:00,99.0
2020-01-03 16:47:00,93.0
2020-01-03 17:00:00,93.0
2020-01-03 17:30:00,93.0
2020-01-03 17:43:00,93.0
2020-01-03 18:00:00,93.0
2020-01-03 18:30:00,95.0
2020-01-15 11:30:00,93.0
2020-01-15 12:00:00,95.0
2020-01-15 12:30:00,95.0
2020-01-15 12:36:00,95.0
2020-01-15 13:00:00,97.0
2020-01-15 13:17:00,97.0
2020-01-15 13:30:00,99.0
2020-01-15 13:47:00,97.0
2020-01-15 14:00:00,99.0
2020-01-15 14:04:00,99.0
2020-01-15 14:30:00,99.0
2020-01-15 15:00:00,100.0
2020-01-15 15:30:00,99.0
2020-01-15 16:00:00,97.0
2020-01-30 11:30:00,93.0
2020-01-30 12:00:00,93.0
2020-01-30 12:30:00,95.0
2020-01-30 13:00:00,97.0
2020-01-30 13:26:00,99.0
2020-01-30 13:30:00,100.0
2020-01-30 14:00:00,100.0
2020-01-30 14:30:00,100.0
2020-01-30 15:00:00,100.0
2020-01-30 15:30:00,100.0
2020-01-30 16:00:00,102.0
2020-01-30 16:30:00,102.0
2020-01-30 17:00:00,102.0
2020-01-30 17:30:00,102.0
2020-01-30 18:00:00,102.0
2020-01-30 18:30:00,102.0
2020-01-30 19:00:00,100.0
2020-01-30 19:30:00,99.0
2020-01-30 20:00:00,97.0
2020-01-30 20:30:00,93.0
2020-01-31 09:30:00,93.0
2020-01-31 10:00:00,95.0
2020-01-31 10:01:00,95.0
2020-01-31 10:30:00,93.0
2020-01-31 11:30:00,95.0
2020-01-31 12:00:00,95.0
2020-01-31 12:30:00,102.0
2020-01-31 13:00:00,102.0
2020-01-31 13:30:00,106.0
2020-01-31 14:00:00,108.0
2020-01-31 14:01:00,108.0
2020-01-31 14:30:00,108.0
2020-01-31 15:00:00,106.0
2020-01-31 15:09:00,108.0
2020-01-31 15:13:00,109.0
2020-01-31 15:30:00,108.0
2020-01-31 15:45:00,95.0
2020-01-31 16:00:00,93.0
2020-01-31 16:30:00,99.0
2020-01-31 17:00:00,104.0
2020-01-31 17:30:00,106.0
2020-01-31 17:38:00,106.0
2020-01-31 18:00:00,108.0
2020-01-31 18:30:00,108.0
2020-01-31 19:00:00,104.0
2020-01-31 19:02:00,104.0
2020-01-31 19:30:00,102.0
2020-01-31 19:44:00,100.0
2020-01-31 19:45:00,100.0
2020-01-31 19:46:00,99.0
2020-01-31 19:49:00,99.0
2020-01-31 19:50:00,99.0
2020-01-31 20:00:00,99.0
2020-02-23 16:00:00,93.0
2020-02-23 16:01:00,93.0
2020-02-23 16:30:00,93.0
2020-02-23 17:00:00,93.0
2020-11-19 16:30:00,93.0
2020-11-19 17:00:00,93.0
2020-11-27 14:20:00,93.0
2020-11-27 14:30:00,93.0
2020-11-27 15:00:00,93.0
2020-11-27 15:30:00,93.0
2020-11-27 16:00:00,95.0
2020-11-27 16:30:00,93.0
2020-11-27 17:00:00,93.0
2020-11-27 17:30:00,95.0
2020-11-27 18:00:00,93.0
2020-12-15 13:00:00,93.0
2020-12-15 13:30:00,95.0
2021-01-11 12:00:00,93.0
2021-01-11 12:30:00,95.0
2021-01-11 12:53:00,95.0
2021-01-11 13:00:00,95.0
2021-01-11 13:33:00,93.0
2021-01-11 14:00:00,93.0
2021-01-11 14:01:00,93.0
2021-01-11 14:30:00,95.0
2021-01-11 15:00:00,97.0
2021-01-11 15:10:00,97.0
2021-01-11 15:30:00,95.0
2021-01-11 15:40:00,97.0
2021-01-11 16:00:00,95.0
2021-01-11 16:10:00,97.0
2021-01-11 16:13:00,95.0
2021-01-11 16:20:00,95.0
2021-01-11 16:27:00,95.0
2021-01-11 16:30:00,95.0
2021-01-11 16:53:00,95.0
2021-01-11 17:00:00,95.0
2021-01-11 17:02:00,95.0
2021-01-11 17:30:00,95.0
2021-01-11 18:00:00,95.0
2021-01-11 18:30:00,93.0
2021-01-11 19:00:00,93.0
2021-01-11 19:30:00,93.0
2021-01-13 14:00:00,93.0
2021-01-24 12:30:00,93.0
2021-01-24 13:00:00,95.0
2021-01-24 13:30:00,97.0
2021-01-24 14:00:00,97.0
2021-01-24 14:30:00,97.0
2021-01-24 15:00:00,99.0
2021-01-24 15:30:00,99.0
2021-01-24 16:00:00,99.0
2021-01-24 16:30:00,99.0
2021-01-24 17:00:00,100.0
2021-01-24 17:30:00,100.0
2021-01-24 18:00:00,100.0
2021-01-24 18:30:00,100.0
2021-01-24 19:00:00,100.0
2021-01-24 19:30:00,99.0
2021-01-24 20:00:00,97.0
2021-01-25 10:00:00,95.0
2021-01-25 10:30:00,97.0
2021-01-25 11:00:00,99.0
2021-01-25 11:13:00,99.0
2021-01-25 11:27:00,100.0
2021-01-25 11:32:00,100.0
2021-01-25 12:00:00,102.0
2021-01-25 12:12:00,102.0
2021-01-25 12:30:00,102.0
2021-01-25 12:35:00,102.0
2021-01-25 13:00:00,100.0
2021-01-25 13:30:00,100.0
2021-01-25 13:56:00,100.0
2021-01-25 14:00:00,100.0
2021-12-18 12:00:00,93.0
2021-12-18 12:30:00,93.0
2021-12-30 13:13:00,93.0
2021-12-30 13:52:00,93.0
2021-12-30 15:30:00,93.0
2021-12-30 16:00:00,93.0
2021-12-30 16:30:00,93.0
2021-12-30 17:00:00,93.0
2021-12-30 17:30:00,93.0
2021-12-30 18:00:00,93.0
2021-12-31 11:00:00,93.0
2021-12-31 11:30:00,93.0
2021-12-31 12:00:00,95.0
2021-12-31 12:30:00,95.0
2021-12-31 12:43:00,97.0
2021-12-31 13:00:00,95.0
2021-12-31 13:15:00,99.0
2021-12-31 13:20:00,97.0
2021-12-31 13:30:00,97.0
2021-12-31 14:00:00,97.0
2021-12-31 14:30:00,99.0
2021-12-31 15:00:00,99.0
2021-12-31 15:30:00,100.0
2021-12-31 16:00:00,99.0
2021-12-31 16:07:00,99.0
2021-12-31 16:30:00,100.0
2021-12-31 16:47:00,100.0
2021-12-31 17:00:00,100.0
2021-12-31 17:20:00,100.0
2021-12-31 17:30:00,100.0
2021-12-31 18:00:00,99.0
2021-12-31 18:30:00,97.0
2021-12-31 19:00:00,97.0
2021-12-31 19:30:00,93.0
2022-01-01 10:30:00,93.0
2022-01-01 11:00:00,97.0
2022-01-01 11:30:00,99.0
2022-01-01 12:00:00,97.0
2022-01-01 12:30:00,97.0
2022-01-01 13:00:00,97.0
2022-01-01 13:30:00,97.0
2022-01-01 14:00:00,97.0
2022-01-13 14:30:00,93.0
2022-01-13 15:30:00,93.0
2022-01-13 16:00:00,93.0
2022-01-13 16:30:00,93.0
2022-01-24 14:30:00,93.0
2022-01-24 15:00:00,93.0
2022-01-24 15:30:00,95.0
2022-01-24 16:00:00,93.0
2022-01-25 13:30:00,93.0
2022-01-26 12:30:00,93.0
2022-01-26 13:00:00,93.0
2022-01-26 14:00:00,95.0
2022-01-26 14:30:00,93.0
2022-01-26 15:00:00,95.0
2022-01-26 15:30:00,97.0
2022-01-26 16:00:00,97.0
2022-01-26 16:30:00,97.0
2022-01-26 16:42:00,97.0
2022-01-26 17:00:00,99.0
2022-01-26 17:30:00,95.0
2022-01-26 18:00:00,95.0
2022-01-28 13:00:00,93.0
2022-01-31 15:00:00,93.0
2022-01-31 15:30:00,93.0
2022-01-31 16:00:00,93.0
2022-01-31 17:00:00,93.0
2022-01-31 17:30:00,95.0
2022-01-31 18:00:00,93.0
2022-01-31 18:30:00,93.0
2022-01-31 19:00:00,93.0
2022-02-14 12:30:00,93.0
2022-02-14 12:42:00,93.0
2022-02-14 13:00:00,93.0
2022-02-14 13:30:00,93.0
